{"meta_statistics": {"total_samples": 985, "total_fp": 204, "total_fn": 132, "total_tp": 327, "total_tn": 322, "avg_prob_fp": 0.6459085395974602, "avg_prob_fn": 0.31572517548699275, "avg_prob_tp": 0.6821187276330131, "avg_prob_tn": 0.20209559039735298}, "metrics": {"Accuracy": 59.59390862944163, "Precision": 53.7888198757764, "Recall": 94.33551198257081, "Specificity": 29.277566539923956, "F1 Score": 68.5126582278481}}