{"meta_statistics": {"total_samples": 985, "total_fp": 202, "total_fn": 152, "total_tp": 307, "total_tn": 324, "avg_prob_fp": 0.637518365813844, "avg_prob_fn": 0.38666115506062254, "avg_prob_tp": 0.6705427024336813, "avg_prob_tn": 0.2899693026004662}, "metrics": {"Accuracy": 56.34517766497462, "Precision": 51.65714285714286, "Recall": 98.47494553376906, "Specificity": 19.581749049429657, "F1 Score": 67.76611694152923}}