{"meta_statistics": {"total_samples": 985, "total_fp": 207, "total_fn": 125, "total_tp": 423, "total_tn": 230, "avg_prob_fp": 0.6683665844787721, "avg_prob_fn": 0.3335774118302292, "avg_prob_tp": 0.7076820682056632, "avg_prob_tn": 0.22334903557143715}, "metrics": {"Accuracy": 62.74111675126903, "Precision": 60.17997750281214, "Recall": 97.62773722627736, "Specificity": 18.993135011441648, "F1 Score": 74.4606819763396}}