{"meta_statistics": {"total_samples": 985, "total_fp": 170, "total_fn": 175, "total_tp": 370, "total_tn": 270, "avg_prob_fp": 0.6402383719827985, "avg_prob_fn": 0.3165375090933703, "avg_prob_tp": 0.6768972283772581, "avg_prob_tn": 0.21640953495454188}, "metrics": {"Accuracy": 64.26395939086295, "Precision": 61.33960047003525, "Recall": 95.77981651376147, "Specificity": 25.227272727272727, "F1 Score": 74.78510028653295}}