{"meta_statistics": {"total_samples": 985, "total_fp": 166, "total_fn": 186, "total_tp": 334, "total_tn": 299, "avg_prob_fp": 0.6378089464705433, "avg_prob_fn": 0.3605473484270791, "avg_prob_tp": 0.6492903449328313, "avg_prob_tn": 0.23832841330579585}, "metrics": {"Accuracy": 63.248730964467, "Precision": 59.36018957345972, "Recall": 96.34615384615385, "Specificity": 26.236559139784948, "F1 Score": 73.46041055718476}}