{"meta_statistics": {"total_samples": 985, "total_fp": 153, "total_fn": 189, "total_tp": 335, "total_tn": 308, "avg_prob_fp": 0.6125703859374554, "avg_prob_fn": 0.3717102370111132, "avg_prob_tp": 0.6350060074745125, "avg_prob_tn": 0.2623246778475583}, "metrics": {"Accuracy": 61.01522842639594, "Precision": 57.82997762863534, "Recall": 98.66412213740458, "Specificity": 18.22125813449024, "F1 Score": 72.91960507757405}}