{"meta_statistics": {"total_samples": 985, "total_fp": 178, "total_fn": 170, "total_tp": 334, "total_tn": 303, "avg_prob_fp": 0.6323430897638493, "avg_prob_fn": 0.3202735694003054, "avg_prob_tp": 0.6611838270755965, "avg_prob_tn": 0.22039883953691536}, "metrics": {"Accuracy": 60.0, "Precision": 56.380510440835266, "Recall": 96.42857142857143, "Specificity": 21.82952182952183, "F1 Score": 71.15666178623718}}